codigo,nombres,apellidos,correos,telefonos,
1,Juan Camilo,Peña Gomez,juan@hotmial.com,3464646,
2,Antonio José,García Martínez,Antonio@hotmial.com,3464647,
3,Francisco,Fernández,fran@hotmial.com,3464648,
4,Juan,Rodríguez,jua@hotmial.com,3464649,
5,Manuel,Ruiz,manuel@hotmial.com,3464650,
6,Pedro,Hernández,pedro@hotmial.com,3464651,
7,Jesús,Díaz,jus@hotmial.com,3464652,
8,Ángel,Sáez,an@hotmial.com,3464653,
9,Miguel,Alfaro,miguel@hotmial.com,3464654,
10,Javier,Marín,javier@hotmial.com,3464655,
11,Jose antonio,Cano,jose@hotmial.com,3464656,
12,David,Morcillo,david@hotmial.com,3464657,
13,Carlos,Torres,carlos@hotmial.com,3464658,
14,maria isabel,Cebrián,maria@hotmial.com,3464659,
15,maria angeles,Valero,mangel@hotmial.com,3464660,
16,ana maria,Alarcón,am@hotmial.com,3464661,
17,Francisco javier,Díaz,fjavier@hotmial.com,3464662,
18,Juan antonio,Sáez,jantonio@hotmial.com,3464663,
